INSERT INTO TARIFE_LIVRARE VALUES (1, 7, 'Prahova');
INSERT INTO TARIFE_LIVRARE VALUES (2, 12, 'Bra?ov');
INSERT INTO TARIFE_LIVRARE VALUES (3, 16, 'Constan?a');
INSERT INTO TARIFE_LIVRARE VALUES (4, 18, 'Craiova');
INSERT INTO TARIFE_LIVRARE VALUES (5, 25, 'Boto?ani');
INSERT INTO TARIFE_LIVRARE VALUES (6, 30, 'Maramure?');
INSERT INTO TARIFE_LIVRARE VALUES (7, 27, 'Cluj');
INSERT INTO TARIFE_LIVRARE VALUES (8, 15, 'Harghita');
INSERT INTO TARIFE_LIVRARE VALUES (9, 5, 'Ilfov');
INSERT INTO TARIFE_LIVRARE VALUES (10, 10, 'Brãila');

INSERT INTO PRIME_PERFORMANTA VALUES (1, 2, 50);
INSERT INTO PRIME_PERFORMANTA VALUES (2, 5, 100);
INSERT INTO PRIME_PERFORMANTA VALUES (3, 10, 200);
INSERT INTO PRIME_PERFORMANTA VALUES (4, 15, 300);
INSERT INTO PRIME_PERFORMANTA VALUES (5, 25, 500);

INSERT INTO CODURI_GREUTATE VALUES (1, 0, 2, 0);
INSERT INTO CODURI_GREUTATE VALUES (2, 3, 5, 3);
INSERT INTO CODURI_GREUTATE VALUES (3, 6, 10, 5);
INSERT INTO CODURI_GREUTATE VALUES (4, 11, 20, 10);
INSERT INTO CODURI_GREUTATE VALUES (5, 21, 50, 20);

INSERT INTO ADRESE_LIVRARE VALUES (1001, 'Str Florilor, nr 3', '353436', 'Buftea', 'Ilfov');
INSERT INTO ADRESE_LIVRARE VALUES (1002, 'Aleea Regelui, nr 101', '132452', 'Sinaia', 'Prahova');
INSERT INTO ADRESE_LIVRARE VALUES (1003, 'Str Schelelor, nr 3', '463632', 'Craiova', 'Dolj');
INSERT INTO ADRESE_LIVRARE VALUES (1004, 'Str Castanilor, bl A6, ap 6', '963425', 'Boto?ani', 'Boto?ani');
INSERT INTO ADRESE_LIVRARE VALUES (1005, 'Strada Erup?iei, nr 10', '142400', 'Cluj-Napoca', 'Cluj');
INSERT INTO ADRESE_LIVRARE VALUES (1006, 'Aleea Rozelor, nr 19', '105600', 'Câmpina', 'Prahova');
INSERT INTO ADRESE_LIVRARE VALUES (1007, 'Cartier Nicolae Grigorescu, Str 1 Decembrie, nr 7', '310553', 'Miercurea-Ciuc', 'Harghita');
INSERT INTO ADRESE_LIVRARE VALUES (1008, 'Bulevardul Culturii, nr 101', '580132', 'Mangalia', 'Constan?a');
INSERT INTO ADRESE_LIVRARE VALUES (1009, 'Str Ecaterina Teodoroiu, bl B6, ap 14', '142024', 'Brãila', 'Brãila');
INSERT INTO ADRESE_LIVRARE VALUES (1010, 'Bulevardul Carol I, nr 21', '100892', 'Constan?a', 'Constan?a');

INSERT INTO  MASINI VALUES (21, 'Audi', 'A3', 2018, 'benzina', TO_DATE('2022-01-06', 'YYYY-MM-DD HH24:MI:SS'));
INSERT INTO  MASINI VALUES (22, 'Dacia', 'Logan', 2005, 'motorina', TO_DATE('2022-03-07', 'YYYY-MM-DD HH24:MI:SS'));
INSERT INTO  MASINI VALUES (23, 'Renault', 'Clio', 2011, 'motorina', TO_DATE('2021-12-29', 'YYYY-MM-DD HH24:MI:SS'));
INSERT INTO  MASINI VALUES (24, 'Volskwagen', 'Golf 7', 2020, 'hibrid', TO_DATE('2022-06-25', 'YYYY-MM-DD HH24:MI:SS'));
INSERT INTO  MASINI VALUES (25, 'Volskwagen', 'Polo', 2009, 'benzina', TO_DATE('2022-08-17', 'YYYY-MM-DD HH24:MI:SS'));

INSERT INTO CURIERI VALUES (31, 'Popescu', 'Marian', '0724562517', 23, TO_DATE('2022-06-12', 'YYYY-MM-DD HH24:MI:SS'), 3200, 1, 100, TO_DATE('2016-06-07', 'YYYY-MM-DD HH24:MI:SS'));
INSERT INTO CURIERI VALUES (32, 'Ionescu', 'Marius', '0726257252', 21, TO_DATE('2021-11-28', 'YYYY-MM-DD HH24:MI:SS'), 2950, 3, 270, TO_DATE('2014-06-19', 'YYYY-MM-DD HH24:MI:SS'));
INSERT INTO CURIERI VALUES (33, 'Mocanu', 'Dorel', '0742527526', 25, TO_DATE('2022-10-25', 'YYYY-MM-DD HH24:MI:SS'), 3600, null, null, TO_DATE('2020-06-22', 'YYYY-MM-DD HH24:MI:SS'));
INSERT INTO CURIERI VALUES (34, 'Andronic', 'Vasile', '0752426523', 24, TO_DATE('2022-10-06', 'YYYY-MM-DD HH24:MI:SS'), 3300, 4, 150, TO_DATE('2019-10-29', 'YYYY-MM-DD HH24:MI:SS'));
INSERT INTO CURIERI VALUES (35, 'Ilie ', 'Alexandru', '0724265272', 22, TO_DATE('2022-11-19', 'YYYY-MM-DD HH24:MI:SS'), 3100, 5, null, TO_DATE('2019-11-17', 'YYYY-MM-DD HH24:MI:SS'));

INSERT INTO ISTORIC_MASINI VALUES (31, TO_DATE('2022-01-05', 'YYYY-MM-DD HH24:MI:SS'), TO_DATE('2022-05-07', 'YYYY-MM-DD HH24:MI:SS'), 21);
INSERT INTO ISTORIC_MASINI VALUES (31, TO_DATE('2020-06-08', 'YYYY-MM-DD HH24:MI:SS'), TO_DATE('2021-12-29', 'YYYY-MM-DD HH24:MI:SS'), 22);
INSERT INTO ISTORIC_MASINI VALUES (32, TO_DATE('2017-05-08', 'YYYY-MM-DD HH24:MI:SS'), TO_DATE('2019-06-23', 'YYYY-MM-DD HH24:MI:SS'), 23);
INSERT INTO ISTORIC_MASINI VALUES (33, TO_DATE('2020-09-25', 'YYYY-MM-DD HH24:MI:SS'), TO_DATE('2021-11-26', 'YYYY-MM-DD HH24:MI:SS'), 21);
INSERT INTO ISTORIC_MASINI VALUES (35, TO_DATE('2017-10-22', 'YYYY-MM-DD HH24:MI:SS'), TO_DATE('2022-12-01', 'YYYY-MM-DD HH24:MI:SS'), 25);

INSERT INTO ACCIDENTE VALUES (1, 31, 23, TO_DATE('2021-10-07', 'YYYY-MM-DD HH24:MI:SS'), 700);
INSERT INTO ACCIDENTE VALUES (2, 32, 21, TO_DATE('2022-02-13', 'YYYY-MM-DD HH24:MI:SS'), 2800);
INSERT INTO ACCIDENTE VALUES (3, 33, 25, TO_DATE('2022-07-06', 'YYYY-MM-DD HH24:MI:SS'), 7500);
INSERT INTO ACCIDENTE VALUES (4, 34, 24, TO_DATE('2020-11-08', 'YYYY-MM-DD HH24:MI:SS'), 500);
INSERT INTO ACCIDENTE VALUES (5, 35, 22, TO_DATE('2021-06-07', 'YYYY-MM-DD HH24:MI:SS'), 1000);

INSERT INTO CLIENTI VALUES (10001, 'fizic', 'feminin', '0742671524', 'ioana.popescu@gmail.com', 'ING 7982 1222 4850 2840');
INSERT INTO CLIENTI VALUES (10002, 'juridic', null, '0756267214', 'dobal.design@gmail.com', 'BCR 1111 1111 1111 2121');
INSERT INTO CLIENTI VALUES (10003, 'fizic', 'masculin', '025325263', 'andrei_mirel@yahoo.com', 'BRD 8509 9999 6748 2829');
INSERT INTO CLIENTI VALUES (10004, 'juridic', null, '074521423', 'aaannnaaa@yahoo.com', 'ING 7982 1222 5372 2840');
INSERT INTO CLIENTI VALUES (10005, 'juridic', null, '072315364', 'contact@daspi.ro', 'BCR 1313 1212 1414 1515');
INSERT INTO CLIENTI VALUES (10006, 'fizic', 'feminin', '072424253', 'iordache_bety@yahoo.com', 'BRD 7474 2325 6748 2829');
INSERT INTO CLIENTI VALUES (10007, 'juridic', null, '024354646', 'contact@cameron.ro', 'ING 9263 6836 4850 2840');
INSERT INTO CLIENTI VALUES (10008, 'juridic', null, '073425232', 'contact@autonom.ro', 'BCR 2222 2222 2222 2121');
INSERT INTO CLIENTI VALUES (10009, 'fizic', 'feminin', '074132536', 'dobrescu_miruna@gmail.com', 'BRD 5378 2537 2638 1627');
INSERT INTO CLIENTI VALUES (10010, 'fizic', 'masculin', '072314242', 'ionescu_adrian@gmail.com', 'ING 7982 1222 1638 1182');

INSERT INTO PERS_FIZICE VALUES (10001, 'Popescu', 'Ioana', 21);
INSERT INTO PERS_FIZICE VALUES (10003, 'Ionescu', 'Mirel', 53);
INSERT INTO PERS_FIZICE VALUES (10006, 'Iordache', 'Beatrice', null);
INSERT INTO PERS_FIZICE VALUES (10009, 'Popescu', 'Miruna', 34);
INSERT INTO PERS_FIZICE VALUES (10010, 'Ionescu', 'Adrian', 27);

INSERT INTO COMPANIE VALUES (10002, 'Dobal Design', 'Dobre', 'Valentin', '131314');
INSERT INTO COMPANIE VALUES (10004, 'Goodies Catering', 'Teodorescu ', 'Ana', '121262');
INSERT INTO COMPANIE VALUES (10005, 'SC DASPI', 'Spânu', 'Andrada', '152563');
INSERT INTO COMPANIE VALUES (10007, 'CAMERON SRL', 'Rus', 'Alina', '214252');
INSERT INTO COMPANIE VALUES (10008, 'Autonom ', 'Marin', 'Iustin', '213233');

INSERT INTO  LIVRARI VALUES (70, TO_DATE('2022-11-29', 'YYYY-MM-DD HH24:MI:SS'), 31);
INSERT INTO  LIVRARI VALUES (71, TO_DATE('2022-12-06', 'YYYY-MM-DD HH24:MI:SS'), 34);
INSERT INTO  LIVRARI VALUES (72, TO_DATE('2022-12-29', 'YYYY-MM-DD HH24:MI:SS'), 35);
INSERT INTO  LIVRARI VALUES (73, TO_DATE('2022-12-20', 'YYYY-MM-DD HH24:MI:SS'), 32);
INSERT INTO  LIVRARI VALUES (74, TO_DATE('2022-12-23', 'YYYY-MM-DD HH24:MI:SS'), 34);

INSERT INTO COMENZI VALUES (1, 10010, TO_DATE('2022-11-23', 'YYYY-MM-DD HH24:MI:SS'), 'card online', 350, 2, 'Str Florilor, nr 3', 1001, 9, 1);
INSERT INTO COMENZI VALUES (2, 10002, TO_DATE('2022-10-18', 'YYYY-MM-DD HH24:MI:SS'), 'card la primire', 980, 1, 'Str Castanilor, bl A6, ap 6', 1004, 5, 2);
INSERT INTO COMENZI VALUES (3, 10001, TO_DATE('2022-11-30', 'YYYY-MM-DD HH24:MI:SS'), 'card online', 1000, 5, 'Cartier Nicolae Grigorescu, Str 1 Decembrie, nr 7', 1007, 8, 3);
INSERT INTO COMENZI VALUES (4, 10008, TO_DATE('2022-12-08', 'YYYY-MM-DD HH24:MI:SS'), 'card online', 720, 5, 'Str Florilor, nr 3', 1001, 9, 3);
INSERT INTO COMENZI VALUES (5, 10007, TO_DATE('2022-12-31', 'YYYY-MM-DD HH24:MI:SS'), 'card la primire', 4260, 4, 'Strada Erup?iei, nr 10', 1005, 7, 2);
INSERT INTO COMENZI VALUES (6, 10006, TO_DATE('2022-12-02', 'YYYY-MM-DD HH24:MI:SS'), 'card online', 1230, 1, 'Bulevardul Carol I, nr 21', 1010, 3, 4);
INSERT INTO COMENZI VALUES (7, 10008, TO_DATE('2022-11-30', 'YYYY-MM-DD HH24:MI:SS'), 'pay pal', 420, 3, 'Aleea Regelui, nr 101', 1002, 1, 5);
INSERT INTO COMENZI VALUES (8, 10002, TO_DATE('2022-12-05', 'YYYY-MM-DD HH24:MI:SS'), 'card online', 120, 2, 'Aleea Rozelor, nr 19', 1006, 1, 3);
INSERT INTO COMENZI VALUES (9, 10004, TO_DATE('2022-12-13', 'YYYY-MM-DD HH24:MI:SS'), 'card online', 280, 1, 'Strada Erup?iei, nr 10', 1005, 7, 1);
INSERT INTO COMENZI VALUES (10, 10009, TO_DATE('2022-12-06', 'YYYY-MM-DD HH24:MI:SS'), 'cash la primire', 320, 3, 'Bulevardul Culturii, nr 101', 1008, 3, 2);

INSERT INTO PROCESARE VALUES (1, 70, 'failed', 350, 2);
INSERT INTO PROCESARE VALUES (1, 71, 'success', 350, 1);
INSERT INTO PROCESARE VALUES (2, 71, 'failed', 980, 2);
INSERT INTO PROCESARE VALUES (3, 74, null, 1000, 3);
INSERT INTO PROCESARE VALUES (4, 73, 'success', 720, 1);
INSERT INTO PROCESARE VALUES (5, 72, 'success', 4260, 5);
INSERT INTO PROCESARE VALUES (6, 71, 'success', 1230, 2);
INSERT INTO PROCESARE VALUES (7, 72, null, 420, 1);
INSERT INTO PROCESARE VALUES (8, 74, 'failed', 120, 1);
INSERT INTO PROCESARE VALUES (9, 73, 'success', 280, 2);
INSERT INTO PROCESARE VALUES (10, 70, null, 320, 4);